,f1_score,precision,recall,support
    Readmitted,0.249375,0.25687499999999996,0.31499999999999995,46.875
Not Readmitted,0.90875,0.9356249999999999,0.8868750000000001,403.25
