class,precision,recall,f_score,support
0,0.8975392886683209,0.9988493844206651,0.9454882099874748,17382
1,0.5652173913043478,0.012948207171314742,0.02531645569620253,2008
