class,precision,recall,f_score,support
0,0.9106371242070423,0.9998990510801534,0.9531828898619064,9906
1,0.0,0.0,0.0,972
