class,precision,recall,f_score,support
0,0.9018444893436747,0.7960533885628811,0.8456531703590527,17382
1,0.12404250061774154,0.25,0.16581337737407104,2008
