cluster_0,cluster_1,cluster_2 
 0.2053043297606466,0.32074707003841313,0.24350976607416275