cluster_0,cluster_1,cluster_2 
 0.24594422815275316,0.37793898955408056,0.2839875692282057