,f1_score,precision,recall,support
    Readmitted,0.3333333333333333,0.22666666666666668,0.6433333333333333,263.6666666666667
Not Readmitted,0.7933333333333333,0.9366666666666666,0.6966666666666667,2141.6666666666665
