class,precision,recall,f_score,support
0,0.8964414646725116,1.0,0.945393233982378,17382
1,0.0,0.0,0.0,2008
