class,precision,recall,f_score,support
0,0.8966566917758745,0.9998274076630997,0.9454357523664454,17382
1,0.625,0.00249003984063745,0.00496031746031746,2008
