class,precision,recall,f_score,support
0,0.845503193509408,0.9989802161941669,0.9158563949139865,4903
1,0.6666666666666666,0.011049723756906077,0.021739130434782608,905
