class,precision,recall,f_score,support
0,0.844931790709722,0.9979604323883337,0.9150925752758557,4903
1,0.4117647058823529,0.0077348066298342545,0.015184381778741866,905
