class,precision,recall,f_score,support
0,0.9106453392167678,1.0,0.9532332563510393,9906
1,0.0,0.0,0.0,972
