class,precision,recall,f_score,support
0,0.8971919118787816,0.9981014842940974,0.9449603747378741,17382
1,0.37735849056603776,0.0099601593625498,0.019408054342552158,2008
