class,precision,recall,f_score,support
0,0.8486486486486486,0.9926575565980013,0.9150216206053771,4903
1,0.5068493150684932,0.04088397790055249,0.07566462167689161,905
