class,precision,recall,f_score,support
0,0.8461938616264956,0.9953089944931675,0.9147141518275539,4903
1,0.43902439024390244,0.019889502762430938,0.03805496828752642,905
