class,precision,recall,f_score,support
0,0.9004889721181856,0.9959153146933609,0.9458012347702562,17382
1,0.572289156626506,0.04731075697211155,0.08739650413983441,2008
