class,precision,recall,f_score,support
0,0.8448008277289187,0.9991841729553335,0.9155298075126145,4903
1,0.5555555555555556,0.0055248618784530384,0.010940919037199124,905
