class,precision,recall,f_score,support
0,0.8580821917808219,0.9581888639608404,0.9053767585276546,4903
1,0.3843843843843844,0.1414364640883978,0.20678513731825526,905
