class,precision,recall,f_score,support
0,0.8546916890080429,0.9753212318988375,0.9110306725090493,4903
1,0.431924882629108,0.10165745856353592,0.16457960644007158,905
