class,precision,recall,f_score,support
0,0.9129684985054035,0.8016353725015143,0.8536873790582671,9906
1,0.09862385321100918,0.22119341563786007,0.13642131979695432,972
