class,precision,recall,f_score,support
0,0.9122257053291536,0.8519079345851,0.8810356527640028,9906
1,0.09834050399508297,0.1646090534979424,0.12312427856868026,972
