class,precision,recall,f_score,support
0,0.900505174963036,0.840927396156944,0.8696971499970251,17382
1,0.12444585180493983,0.19571713147410358,0.1521486643437863,2008
