,f1_score,precision,recall,support
    Readmitted,0.1557608695652174,0.1392391304347826,0.2270652173913044,8.25
Not Readmitted,0.7863043478260868,0.7896739130434783,0.7909782608695651,70.31521739130434
